id;herstellernummer;bezeichnung;qr_url;qr_payload
7b91cd7a-e057-41df-9b89-c5ec5c20ac04;1000254627;Batterie-Trennschalter;https://duvzbcxsfzeqjnvohifm.supabase.co/storage/v1/object/public/machine-files/lager-qr-codes/1000254627_7b91cd7a-e057-41df-9b89-c5ec5c20ac04.png;1000254627
348a12a8-1c08-4a75-a89c-86522a29b0be;10647-0001;Batterie;https://duvzbcxsfzeqjnvohifm.supabase.co/storage/v1/object/public/machine-files/lager-qr-codes/10647-0001_348a12a8-1c08-4a75-a89c-86522a29b0be.png;10647-0001
d3f1889d-4856-4492-b515-e63e92b01c0a;106TA8937;Batterie Fullstation 20ltr;https://duvzbcxsfzeqjnvohifm.supabase.co/storage/v1/object/public/machine-files/lager-qr-codes/106TA8937_d3f1889d-4856-4492-b515-e63e92b01c0a.png;106TA8937
49e53aff-dd29-416b-8a98-9e51b14e8249;109471;MOTUL 8100 X-Clean EFE;https://duvzbcxsfzeqjnvohifm.supabase.co/storage/v1/object/public/machine-files/lager-qr-codes/109471_49e53aff-dd29-416b-8a98-9e51b14e8249.png;109471
9d459024-1f43-4737-a15f-f6262b4b0aad;11936104;Batterie 12V-110Ah-760A;https://duvzbcxsfzeqjnvohifm.supabase.co/storage/v1/object/public/machine-files/lager-qr-codes/11936104_9d459024-1f43-4737-a15f-f6262b4b0aad.png;11936104
42e66b73-dfab-4b4a-882a-b80a8b35a39a;119725;Batterie-Hauptschalter;https://duvzbcxsfzeqjnvohifm.supabase.co/storage/v1/object/public/machine-files/lager-qr-codes/119725_42e66b73-dfab-4b4a-882a-b80a8b35a39a.png;119725
e72cc51b-54c0-4f4a-9fee-1ffd86ae5489;122093;Batterieanzeige;https://duvzbcxsfzeqjnvohifm.supabase.co/storage/v1/object/public/machine-files/lager-qr-codes/122093_e72cc51b-54c0-4f4a-9fee-1ffd86ae5489.png;122093
e7b3c876-69de-4cb4-881e-706a30743f6c;1266872;Fernbedienung Batterie;https://duvzbcxsfzeqjnvohifm.supabase.co/storage/v1/object/public/machine-files/lager-qr-codes/1266872_e7b3c876-69de-4cb4-881e-706a30743f6c.png;1266872
85728e81-6b8d-4d3a-90e1-f65bd03a810c;14260825;Startbatterie 12V/35AH/300A;https://duvzbcxsfzeqjnvohifm.supabase.co/storage/v1/object/public/machine-files/lager-qr-codes/14260825_85728e81-6b8d-4d3a-90e1-f65bd03a810c.png;14260825
3401db18-b768-40e2-a3d8-5dfebc00ce57;14261507;Batterie 12V-110Ah-700A;https://duvzbcxsfzeqjnvohifm.supabase.co/storage/v1/object/public/machine-files/lager-qr-codes/14261507_3401db18-b768-40e2-a3d8-5dfebc00ce57.png;14261507
1106664a-e565-408a-b204-a8285356bb6f;1670951;Batterie Abdeckung;https://duvzbcxsfzeqjnvohifm.supabase.co/storage/v1/object/public/machine-files/lager-qr-codes/1670951_1106664a-e565-408a-b204-a8285356bb6f.png;1670951
33004fed-5fd9-4fcb-bd22-c13d3e2240fe;2-80310045;Batterie 12V/40Ah/300A;https://duvzbcxsfzeqjnvohifm.supabase.co/storage/v1/object/public/machine-files/lager-qr-codes/2-80310045_33004fed-5fd9-4fcb-bd22-c13d3e2240fe.png;2-80310045
2ad70430-b87e-40b3-882b-6faf2ad40f87;2-80310055;Batterie 12V/18Ah AGM;https://duvzbcxsfzeqjnvohifm.supabase.co/storage/v1/object/public/machine-files/lager-qr-codes/2-80310055_2ad70430-b87e-40b3-882b-6faf2ad40f87.png;2-80310055
33448e89-6bfe-442c-8b7e-70a9289401ed;22001;Batteriehauptschalter;https://duvzbcxsfzeqjnvohifm.supabase.co/storage/v1/object/public/machine-files/lager-qr-codes/22001_33448e89-6bfe-442c-8b7e-70a9289401ed.png;22001
ab124300-3a9b-4004-8bfd-bb098ed6da87;24TMX UT;Batterie 12V 24TMX�85Ah;https://duvzbcxsfzeqjnvohifm.supabase.co/storage/v1/object/public/machine-files/lager-qr-codes/24TMX_UT_ab124300-3a9b-4004-8bfd-bb098ed6da87.png;24TMX UT
6640eb15-dc98-40ad-933e-2e5c8b9b12fa;254353;Batterie Stecker;https://duvzbcxsfzeqjnvohifm.supabase.co/storage/v1/object/public/machine-files/lager-qr-codes/254353_6640eb15-dc98-40ad-933e-2e5c8b9b12fa.png;254353
4f5a2016-ff47-402b-b56f-fc9597a43ebd;27879196;Batterie 12V-44Ah-440A;https://duvzbcxsfzeqjnvohifm.supabase.co/storage/v1/object/public/machine-files/lager-qr-codes/27879196_4f5a2016-ff47-402b-b56f-fc9597a43ebd.png;27879196
2da61bce-1083-477c-8eb2-48ac78b6e8cd;27TMX WNT;Batterie 12V 85Ah;https://duvzbcxsfzeqjnvohifm.supabase.co/storage/v1/object/public/machine-files/lager-qr-codes/27TMX_WNT_2da61bce-1083-477c-8eb2-48ac78b6e8cd.png;27TMX WNT
0ca314d3-0aab-46cb-966d-a6463b098a05;33914012;Startbatterie;https://duvzbcxsfzeqjnvohifm.supabase.co/storage/v1/object/public/machine-files/lager-qr-codes/33914012_0ca314d3-0aab-46cb-966d-a6463b098a05.png;33914012
33c1d0e9-4389-46c7-9ba6-4557cf564808;33914030;Batterie 12V-140Ah-900A;https://duvzbcxsfzeqjnvohifm.supabase.co/storage/v1/object/public/machine-files/lager-qr-codes/33914030_33c1d0e9-4389-46c7-9ba6-4557cf564808.png;33914030
1f415579-3dee-4374-a5b4-7a939d90f281;400093;Batteriewasser-F�lleinheit;https://duvzbcxsfzeqjnvohifm.supabase.co/storage/v1/object/public/machine-files/lager-qr-codes/400093_1f415579-3dee-4374-a5b4-7a939d90f281.png;400093
425d71e2-fd9b-47df-bc3d-08bbf74ee597;400176;Batterielader;https://duvzbcxsfzeqjnvohifm.supabase.co/storage/v1/object/public/machine-files/lager-qr-codes/400176_425d71e2-fd9b-47df-bc3d-08bbf74ee597.png;400176
ed047952-e039-414d-bebd-090fc8b2ca64;400215;Batterie 6V-225Ah;https://duvzbcxsfzeqjnvohifm.supabase.co/storage/v1/object/public/machine-files/lager-qr-codes/400215_ed047952-e039-414d-bebd-090fc8b2ca64.png;400215
478b6a5c-dfe6-436a-8862-c638c702bf0a;4030776037180;Luftfilter;https://duvzbcxsfzeqjnvohifm.supabase.co/storage/v1/object/public/machine-files/lager-qr-codes/4030776037180_478b6a5c-dfe6-436a-8862-c638c702bf0a.png;4030776037180
48143a0f-7c27-4757-83b5-ee55b023dbd8;4142422;Batterieabdeckung;https://duvzbcxsfzeqjnvohifm.supabase.co/storage/v1/object/public/machine-files/lager-qr-codes/4142422_48143a0f-7c27-4757-83b5-ee55b023dbd8.png;4142422
c2d62984-5885-4775-9089-8f4fd9f633b0;510093;Batterie Satz 8 Stk;https://duvzbcxsfzeqjnvohifm.supabase.co/storage/v1/object/public/machine-files/lager-qr-codes/510093_c2d62984-5885-4775-9089-8f4fd9f633b0.png;510093
04919e5a-a223-47be-9b92-ce6c0aad88ab;522 451 034;Batterie 12V-22Ah-340A;https://duvzbcxsfzeqjnvohifm.supabase.co/storage/v1/object/public/machine-files/lager-qr-codes/522_451_034_04919e5a-a223-47be-9b92-ce6c0aad88ab.png;522 451 034
40730b26-9874-41ee-8d93-2dc616fa9791;530 230 020;Batterie 12V-30Ah-200A;https://duvzbcxsfzeqjnvohifm.supabase.co/storage/v1/object/public/machine-files/lager-qr-codes/530_230_020_40730b26-9874-41ee-8d93-2dc616fa9791.png;530 230 020
2ba1cc35-b7f2-4193-93a9-0621d8fdba47;532 830 035;Starter Batterie;https://duvzbcxsfzeqjnvohifm.supabase.co/storage/v1/object/public/machine-files/lager-qr-codes/532_830_035_2ba1cc35-b7f2-4193-93a9-0621d8fdba47.png;532 830 035
f83032b8-ff35-470f-92bc-42298f254d04;535 822 030;Batterie 12V 35Ah 300A;https://duvzbcxsfzeqjnvohifm.supabase.co/storage/v1/object/public/machine-files/lager-qr-codes/535_822_030_f83032b8-ff35-470f-92bc-42298f254d04.png;535 822 030
2f799215-24e0-4523-a798-fd29e4d8340e;540 859 036;Batterie;https://duvzbcxsfzeqjnvohifm.supabase.co/storage/v1/object/public/machine-files/lager-qr-codes/540_859_036_2f799215-24e0-4523-a798-fd29e4d8340e.png;540 859 036
e148fa9e-e7ce-47e8-8316-dd3e0badfd12;544 859 036;Batterie 12V-44Ah-360A;https://duvzbcxsfzeqjnvohifm.supabase.co/storage/v1/object/public/machine-files/lager-qr-codes/544_859_036_e148fa9e-e7ce-47e8-8316-dd3e0badfd12.png;544 859 036
dc197926-e132-4087-bbfb-17babae8c9ba;545 084 033;Starterbatterie;https://duvzbcxsfzeqjnvohifm.supabase.co/storage/v1/object/public/machine-files/lager-qr-codes/545_084_033_dc197926-e132-4087-bbfb-17babae8c9ba.png;545 084 033
bab55094-9de9-4439-b13f-6a830618e953;545 877 040;Batterie 12V-45Ah-400A;https://duvzbcxsfzeqjnvohifm.supabase.co/storage/v1/object/public/machine-files/lager-qr-codes/545_877_040_bab55094-9de9-4439-b13f-6a830618e953.png;545 877 040
55470468-a685-430e-84f0-f0bcb7ba8277;545824040;Batterie 12V 45Ah 400A;https://duvzbcxsfzeqjnvohifm.supabase.co/storage/v1/object/public/machine-files/lager-qr-codes/545824040_55470468-a685-430e-84f0-f0bcb7ba8277.png;545824040
3c480872-03c7-480e-ad97-0618231a610b;5500008210;Batterie;https://duvzbcxsfzeqjnvohifm.supabase.co/storage/v1/object/public/machine-files/lager-qr-codes/5500008210_3c480872-03c7-480e-ad97-0618231a610b.png;5500008210
4ba4e9d0-8e08-42b3-8269-26493358029a;560.077.054SMF;Batterie 12V 60Ah 540A;https://duvzbcxsfzeqjnvohifm.supabase.co/storage/v1/object/public/machine-files/lager-qr-codes/560_077_054SMF_4ba4e9d0-8e08-42b3-8269-26493358029a.png;560.077.054SMF
2535a3a7-48f0-4ccb-9664-ec2e419f569e;562 888 060;Batterie 12V-62Ah-600A;https://duvzbcxsfzeqjnvohifm.supabase.co/storage/v1/object/public/machine-files/lager-qr-codes/562_888_060_2535a3a7-48f0-4ccb-9664-ec2e419f569e.png;562 888 060
f8ad58f1-4fd6-45e6-9cb5-739e0f448593;575 888 072;Batterie 12V-75Ah-720A;https://duvzbcxsfzeqjnvohifm.supabase.co/storage/v1/object/public/machine-files/lager-qr-codes/575_888_072_f8ad58f1-4fd6-45e6-9cb5-739e0f448593.png;575 888 072
7888e7c2-c520-46c8-9ca9-81e5a92416ac;5763463;Batterie f�r Fernbedienung;https://duvzbcxsfzeqjnvohifm.supabase.co/storage/v1/object/public/machine-files/lager-qr-codes/5763463_7888e7c2-c520-46c8-9ca9-81e5a92416ac.png;5763463
6c77f3b2-4bfb-4889-ba04-9b639fcbe98f;595 819 085;Batterie 12V-95Ah-850A;https://duvzbcxsfzeqjnvohifm.supabase.co/storage/v1/object/public/machine-files/lager-qr-codes/595_819_085_6c77f3b2-4bfb-4889-ba04-9b639fcbe98f.png;595 819 085
4ed7dc41-72ae-4a7d-92ab-8062046325a2;5975;Batterie-Trennschalter;https://duvzbcxsfzeqjnvohifm.supabase.co/storage/v1/object/public/machine-files/lager-qr-codes/5975_4ed7dc41-72ae-4a7d-92ab-8062046325a2.png;5975
287f7154-1ff7-4d67-ae7b-a811174828fc;600 844 090;Batterie 12V-100Ah-900A;https://duvzbcxsfzeqjnvohifm.supabase.co/storage/v1/object/public/machine-files/lager-qr-codes/600_844_090_287f7154-1ff7-4d67-ae7b-a811174828fc.png;600 844 090
f082a283-7c51-40d1-9a92-caed04a58e88;600 884 090;Batterie 12V/100Ah/920A;https://duvzbcxsfzeqjnvohifm.supabase.co/storage/v1/object/public/machine-files/lager-qr-codes/600_884_090_f082a283-7c51-40d1-9a92-caed04a58e88.png;600 884 090
806b9a89-8823-4089-a3e7-4b86e6e05275;600 884 092;Batterie 12V-100Ah-900A;https://duvzbcxsfzeqjnvohifm.supabase.co/storage/v1/object/public/machine-files/lager-qr-codes/600_884_092_806b9a89-8823-4089-a3e7-4b86e6e05275.png;600 884 092
d0f1a81e-a1bc-461c-858c-8f50df93a88d;601246633;Batterie 12V-60Ah-540A;https://duvzbcxsfzeqjnvohifm.supabase.co/storage/v1/object/public/machine-files/lager-qr-codes/601246633_d0f1a81e-a1bc-461c-858c-8f50df93a88d.png;601246633
f7dcf782-673f-4a1d-8d80-1e5a507d2fe3;6021853;Batterie 560 Ah;https://duvzbcxsfzeqjnvohifm.supabase.co/storage/v1/object/public/machine-files/lager-qr-codes/6021853_f7dcf782-673f-4a1d-8d80-1e5a507d2fe3.png;6021853
b0015018-b51c-4a70-9457-aae9daf43902;635 211 085;Batterie 12V-135Ah-850A;https://duvzbcxsfzeqjnvohifm.supabase.co/storage/v1/object/public/machine-files/lager-qr-codes/635_211_085_b0015018-b51c-4a70-9457-aae9daf43902.png;635 211 085
17ea2363-b768-4ffb-994c-280ab7f64cea;6665427;Batterie Trocken;https://duvzbcxsfzeqjnvohifm.supabase.co/storage/v1/object/public/machine-files/lager-qr-codes/6665427_17ea2363-b768-4ffb-994c-280ab7f64cea.png;6665427
01995689-1792-4706-8399-31befeedbb9b;7204431;Batterieabdeckung-Kunststoff;https://duvzbcxsfzeqjnvohifm.supabase.co/storage/v1/object/public/machine-files/lager-qr-codes/7204431_01995689-1792-4706-8399-31befeedbb9b.png;7204431
1fd7233f-b10a-42fa-97cd-8597373d7263;975830016;Batterie 12V 148 Ah 1000A EN 540A;https://duvzbcxsfzeqjnvohifm.supabase.co/storage/v1/object/public/machine-files/lager-qr-codes/975830016_1fd7233f-b10a-42fa-97cd-8597373d7263.png;975830016
1e47ab5d-8959-4d91-b67b-9aa8b19b90c4;ASM;;https://duvzbcxsfzeqjnvohifm.supabase.co/storage/v1/object/public/machine-files/lager-qr-codes/ASM_1e47ab5d-8959-4d91-b67b-9aa8b19b90c4.png;ASM
4ac842b7-85a1-449c-9e96-66ed70c6dfd6;Bosch BRP6HS;zundkerzen;https://duvzbcxsfzeqjnvohifm.supabase.co/storage/v1/object/public/machine-files/lager-qr-codes/Bosch_BRP6HS_4ac842b7-85a1-449c-9e96-66ed70c6dfd6.png;Bosch BRP6HS
7ef5c1e9-9a43-48d2-a0f0-0ba6fbe36d3d;BRP7ES;Zundkerzen;https://duvzbcxsfzeqjnvohifm.supabase.co/storage/v1/object/public/machine-files/lager-qr-codes/BRP7ES_7ef5c1e9-9a43-48d2-a0f0-0ba6fbe36d3d.png;BRP7ES
3fecbe29-3a65-499b-8718-f56e9fece950;BSH 0092T50770;Batterie 12V/180Ah / 1000A;https://duvzbcxsfzeqjnvohifm.supabase.co/storage/v1/object/public/machine-files/lager-qr-codes/BSH_0092T50770_3fecbe29-3a65-499b-8718-f56e9fece950.png;BSH 0092T50770
b0dfaf48-be08-4d69-b53d-ba70a8cb3540;C 30 005;Luftfilter;https://duvzbcxsfzeqjnvohifm.supabase.co/storage/v1/object/public/machine-files/lager-qr-codes/C_30_005_b0dfaf48-be08-4d69-b53d-ba70a8cb3540.png;C 30 005
7569f3e6-2fc3-4a1f-a7ed-b4002bc44a95;E19H D83;Dieselfilter;https://duvzbcxsfzeqjnvohifm.supabase.co/storage/v1/object/public/machine-files/lager-qr-codes/E19H_D83_7569f3e6-2fc3-4a1f-a7ed-b4002bc44a95.png;E19H D83
980948e5-60ce-48e3-a680-f21ba6a72eed;G099300063;Batterie 6V1.1Ah;https://duvzbcxsfzeqjnvohifm.supabase.co/storage/v1/object/public/machine-files/lager-qr-codes/G099300063_980948e5-60ce-48e3-a680-f21ba6a72eed.png;G099300063
0f12b004-be17-4a3b-b2c0-4d32b3d7582e;HC35;Batterie Gell;https://duvzbcxsfzeqjnvohifm.supabase.co/storage/v1/object/public/machine-files/lager-qr-codes/HC35_0f12b004-be17-4a3b-b2c0-4d32b3d7582e.png;HC35
2c5bf13b-bc57-44ca-9332-2a854a74e64a;Kleinmatrial;;https://duvzbcxsfzeqjnvohifm.supabase.co/storage/v1/object/public/machine-files/lager-qr-codes/Kleinmatrial_2c5bf13b-bc57-44ca-9332-2a854a74e64a.png;Kleinmatrial
11274f95-32ff-4d7f-92aa-df44d2633285;KM;;https://duvzbcxsfzeqjnvohifm.supabase.co/storage/v1/object/public/machine-files/lager-qr-codes/KM_11274f95-32ff-4d7f-92aa-df44d2633285.png;KM
8df9c208-9792-4f08-bba9-31daba9b7f6e;SA 120031;Luftfilter;https://duvzbcxsfzeqjnvohifm.supabase.co/storage/v1/object/public/machine-files/lager-qr-codes/SA_120031_8df9c208-9792-4f08-bba9-31daba9b7f6e.png;SA 120031
a6cc0471-9995-4124-aa88-83587078e67a;SA 16056;Luftfilter au�en;https://duvzbcxsfzeqjnvohifm.supabase.co/storage/v1/object/public/machine-files/lager-qr-codes/SA_16056_a6cc0471-9995-4124-aa88-83587078e67a.png;SA 16056
805d57a3-627b-4bb1-85c9-74f00642a3fc;SA 16059;Luftfilter au�en;https://duvzbcxsfzeqjnvohifm.supabase.co/storage/v1/object/public/machine-files/lager-qr-codes/SA_16059_805d57a3-627b-4bb1-85c9-74f00642a3fc.png;SA 16059
4a98423a-6cb0-4c97-aa98-f59c8daa57dd;SA 16069;Luftfilter aussen;https://duvzbcxsfzeqjnvohifm.supabase.co/storage/v1/object/public/machine-files/lager-qr-codes/SA_16069_4a98423a-6cb0-4c97-aa98-f59c8daa57dd.png;SA 16069
0ce3c870-68c7-4b3b-a4b1-6b9d9cf94f88;SA 16074;Luftfilter aussen;https://duvzbcxsfzeqjnvohifm.supabase.co/storage/v1/object/public/machine-files/lager-qr-codes/SA_16074_0ce3c870-68c7-4b3b-a4b1-6b9d9cf94f88.png;SA 16074
ebb0f297-6ff9-40a4-8d93-6a86ba63b1dd;SA 16076;Luftfilter aussen;https://duvzbcxsfzeqjnvohifm.supabase.co/storage/v1/object/public/machine-files/lager-qr-codes/SA_16076_ebb0f297-6ff9-40a4-8d93-6a86ba63b1dd.png;SA 16076
8037a9db-1f1e-438a-85db-35dc79ebb1bc;SA 16080;Luftfilter innen;https://duvzbcxsfzeqjnvohifm.supabase.co/storage/v1/object/public/machine-files/lager-qr-codes/SA_16080_8037a9db-1f1e-438a-85db-35dc79ebb1bc.png;SA 16080
93c8361f-fa33-4ddb-b5b4-bd94c6219d1c;SA 16129;Luftfilter innen;https://duvzbcxsfzeqjnvohifm.supabase.co/storage/v1/object/public/machine-files/lager-qr-codes/SA_16129_93c8361f-fa33-4ddb-b5b4-bd94c6219d1c.png;SA 16129
1d8d4068-4526-4818-8d03-7080283dc77f;SA 16190;Luftfilter innen;https://duvzbcxsfzeqjnvohifm.supabase.co/storage/v1/object/public/machine-files/lager-qr-codes/SA_16190_1d8d4068-4526-4818-8d03-7080283dc77f.png;SA 16190
a1b78a5b-ab5d-42d9-b4f5-c1fe24d60b1d;SA 16239;Luftfilter aussen;https://duvzbcxsfzeqjnvohifm.supabase.co/storage/v1/object/public/machine-files/lager-qr-codes/SA_16239_a1b78a5b-ab5d-42d9-b4f5-c1fe24d60b1d.png;SA 16239
e055b80f-b1f8-4399-ab51-2423afa65775;SA 16252;Luftfilter innen;https://duvzbcxsfzeqjnvohifm.supabase.co/storage/v1/object/public/machine-files/lager-qr-codes/SA_16252_e055b80f-b1f8-4399-ab51-2423afa65775.png;SA 16252
316f1295-ffc6-4561-b84a-c79faffa2221;SA 16254;Luftfilter Aussen;https://duvzbcxsfzeqjnvohifm.supabase.co/storage/v1/object/public/machine-files/lager-qr-codes/SA_16254_316f1295-ffc6-4561-b84a-c79faffa2221.png;SA 16254
d33eb019-0247-49a2-a3ba-7906e6836e02;SA 16298;Luftfilter innen;https://duvzbcxsfzeqjnvohifm.supabase.co/storage/v1/object/public/machine-files/lager-qr-codes/SA_16298_d33eb019-0247-49a2-a3ba-7906e6836e02.png;SA 16298
d065a67a-0bef-4eb4-be68-0d32c79a463f;SA 16302;Luftfilter Innen;https://duvzbcxsfzeqjnvohifm.supabase.co/storage/v1/object/public/machine-files/lager-qr-codes/SA_16302_d065a67a-0bef-4eb4-be68-0d32c79a463f.png;SA 16302
96a393aa-cecb-4774-b789-40a512a15b70;SA 16339;Luftfilter innen;https://duvzbcxsfzeqjnvohifm.supabase.co/storage/v1/object/public/machine-files/lager-qr-codes/SA_16339_96a393aa-cecb-4774-b789-40a512a15b70.png;SA 16339
906d69a2-37a9-4e29-a91c-de9e6f7f7770;SA 16399;Luftfilter innen;https://duvzbcxsfzeqjnvohifm.supabase.co/storage/v1/object/public/machine-files/lager-qr-codes/SA_16399_906d69a2-37a9-4e29-a91c-de9e6f7f7770.png;SA 16399
4840a683-9e24-4004-917d-71cb44d121bf;SA 16533;Luftfilter aussen;https://duvzbcxsfzeqjnvohifm.supabase.co/storage/v1/object/public/machine-files/lager-qr-codes/SA_16533_4840a683-9e24-4004-917d-71cb44d121bf.png;SA 16533
00f57fc8-4be4-41fc-8e52-e9677e7f2d9c;SA 16534;Luftfilter innen;https://duvzbcxsfzeqjnvohifm.supabase.co/storage/v1/object/public/machine-files/lager-qr-codes/SA_16534_00f57fc8-4be4-41fc-8e52-e9677e7f2d9c.png;SA 16534
ab66285a-a71d-4284-ac83-69301b9eda5a;SA 16578;Luftfilter au�en;https://duvzbcxsfzeqjnvohifm.supabase.co/storage/v1/object/public/machine-files/lager-qr-codes/SA_16578_ab66285a-a71d-4284-ac83-69301b9eda5a.png;SA 16578
b645fb8c-80a3-4358-958e-e83e03fd5fa9;SA 16579;Luftfilter aussen;https://duvzbcxsfzeqjnvohifm.supabase.co/storage/v1/object/public/machine-files/lager-qr-codes/SA_16579_b645fb8c-80a3-4358-958e-e83e03fd5fa9.png;SA 16579
85c04ece-ff41-47f1-aba9-f35288f711bf;SA 16580;Luftfilter aussen;https://duvzbcxsfzeqjnvohifm.supabase.co/storage/v1/object/public/machine-files/lager-qr-codes/SA_16580_85c04ece-ff41-47f1-aba9-f35288f711bf.png;SA 16580
7d5aa63e-938a-4b4f-a824-2b1485a13a6f;SA 16631;Luftfilter;https://duvzbcxsfzeqjnvohifm.supabase.co/storage/v1/object/public/machine-files/lager-qr-codes/SA_16631_7d5aa63e-938a-4b4f-a824-2b1485a13a6f.png;SA 16631
2405f693-1fd9-4c0b-8f0c-15295d97e8a1;SA 16683;Luftfilter au�en;https://duvzbcxsfzeqjnvohifm.supabase.co/storage/v1/object/public/machine-files/lager-qr-codes/SA_16683_2405f693-1fd9-4c0b-8f0c-15295d97e8a1.png;SA 16683
0d15f6b7-4970-47ea-a314-5259c7810ec3;SA 16804;Luftfilter aussen;https://duvzbcxsfzeqjnvohifm.supabase.co/storage/v1/object/public/machine-files/lager-qr-codes/SA_16804_0d15f6b7-4970-47ea-a314-5259c7810ec3.png;SA 16804
f911d128-2586-4db5-92fe-89d6e75977d7;SA 16830;Luftfilter-Box;https://duvzbcxsfzeqjnvohifm.supabase.co/storage/v1/object/public/machine-files/lager-qr-codes/SA_16830_f911d128-2586-4db5-92fe-89d6e75977d7.png;SA 16830
19c89dff-0c0e-45f6-9bd0-4fe3076687ae;SA 17068;Luftfilter au�en;https://duvzbcxsfzeqjnvohifm.supabase.co/storage/v1/object/public/machine-files/lager-qr-codes/SA_17068_19c89dff-0c0e-45f6-9bd0-4fe3076687ae.png;SA 17068
634100a0-7382-4ac4-bcff-bca7f4bb64e1;SA 17085;Luftfilter innen;https://duvzbcxsfzeqjnvohifm.supabase.co/storage/v1/object/public/machine-files/lager-qr-codes/SA_17085_634100a0-7382-4ac4-bcff-bca7f4bb64e1.png;SA 17085
974315ef-b439-4076-a83f-acd2d1684971;SA 17086;Luftfilter au�en;https://duvzbcxsfzeqjnvohifm.supabase.co/storage/v1/object/public/machine-files/lager-qr-codes/SA_17086_974315ef-b439-4076-a83f-acd2d1684971.png;SA 17086
c0832fda-746c-4a42-9363-223e866d65dd;SA 17088;Luftfilter au�en;https://duvzbcxsfzeqjnvohifm.supabase.co/storage/v1/object/public/machine-files/lager-qr-codes/SA_17088_c0832fda-746c-4a42-9363-223e866d65dd.png;SA 17088
f11a2535-c261-4d90-abed-66f2130e653e;SA 17100;Luftfilter au�en;https://duvzbcxsfzeqjnvohifm.supabase.co/storage/v1/object/public/machine-files/lager-qr-codes/SA_17100_f11a2535-c261-4d90-abed-66f2130e653e.png;SA 17100
287c5111-c14e-43ae-b655-973f9b838963;SA 17101;;https://duvzbcxsfzeqjnvohifm.supabase.co/storage/v1/object/public/machine-files/lager-qr-codes/SA_17101_287c5111-c14e-43ae-b655-973f9b838963.png;SA 17101
058c1a79-0588-490f-b41b-65401aaa0c0e;SA 17104;Luftfilter au�en;https://duvzbcxsfzeqjnvohifm.supabase.co/storage/v1/object/public/machine-files/lager-qr-codes/SA_17104_058c1a79-0588-490f-b41b-65401aaa0c0e.png;SA 17104
75ee7055-36b0-4633-9a43-d4e155ca43aa;SA 17105;Luftfilter innen;https://duvzbcxsfzeqjnvohifm.supabase.co/storage/v1/object/public/machine-files/lager-qr-codes/SA_17105_75ee7055-36b0-4633-9a43-d4e155ca43aa.png;SA 17105
eac9c13f-4ec1-4016-8a55-4a752f5d42e1;SA 17118;Luftfilter au�en;https://duvzbcxsfzeqjnvohifm.supabase.co/storage/v1/object/public/machine-files/lager-qr-codes/SA_17118_eac9c13f-4ec1-4016-8a55-4a752f5d42e1.png;SA 17118
22d63abd-b0f6-4880-be1b-1241d8f17edc;SA 17119;Luftfilter innen;https://duvzbcxsfzeqjnvohifm.supabase.co/storage/v1/object/public/machine-files/lager-qr-codes/SA_17119_22d63abd-b0f6-4880-be1b-1241d8f17edc.png;SA 17119
586c4fbc-fd9e-4bef-931e-b464444c940a;SA 17193;Luftfilter au�en 2x;https://duvzbcxsfzeqjnvohifm.supabase.co/storage/v1/object/public/machine-files/lager-qr-codes/SA_17193_586c4fbc-fd9e-4bef-931e-b464444c940a.png;SA 17193
202dc46e-d6d2-47bf-8b08-cfb5b6b13c54;SA 17194;Luftfilter innen;https://duvzbcxsfzeqjnvohifm.supabase.co/storage/v1/object/public/machine-files/lager-qr-codes/SA_17194_202dc46e-d6d2-47bf-8b08-cfb5b6b13c54.png;SA 17194
38d3adad-d8f5-482c-b739-4da9a10a0a72;SA 17300;Luftfilter au�en;https://duvzbcxsfzeqjnvohifm.supabase.co/storage/v1/object/public/machine-files/lager-qr-codes/SA_17300_38d3adad-d8f5-482c-b739-4da9a10a0a72.png;SA 17300
5e3b4917-ae9d-492e-be5b-128cf16c474b;SA 17331;Luftfilter innen;https://duvzbcxsfzeqjnvohifm.supabase.co/storage/v1/object/public/machine-files/lager-qr-codes/SA_17331_5e3b4917-ae9d-492e-be5b-128cf16c474b.png;SA 17331
864b2b99-ca58-4b4e-b4dc-28b16cc563d3;SA 17337;Luftfilter innen;https://duvzbcxsfzeqjnvohifm.supabase.co/storage/v1/object/public/machine-files/lager-qr-codes/SA_17337_864b2b99-ca58-4b4e-b4dc-28b16cc563d3.png;SA 17337
7b9acb15-3fef-4999-a228-12f917ab53ff;SA 17340;Luftfilter aussen;https://duvzbcxsfzeqjnvohifm.supabase.co/storage/v1/object/public/machine-files/lager-qr-codes/SA_17340_7b9acb15-3fef-4999-a228-12f917ab53ff.png;SA 17340
74c8c23a-6edb-4e71-84aa-91a606ffae76;SA 17362;Luftfilter au�en;https://duvzbcxsfzeqjnvohifm.supabase.co/storage/v1/object/public/machine-files/lager-qr-codes/SA_17362_74c8c23a-6edb-4e71-84aa-91a606ffae76.png;SA 17362
e54f260e-0531-4b4f-9785-688fbcf863a0;SA 17554;Luftfilter au�en;https://duvzbcxsfzeqjnvohifm.supabase.co/storage/v1/object/public/machine-files/lager-qr-codes/SA_17554_e54f260e-0531-4b4f-9785-688fbcf863a0.png;SA 17554
cc25fb2f-eb0d-4b49-85a1-3dedee2082d4;SA 17555;Luftfilter innen;https://duvzbcxsfzeqjnvohifm.supabase.co/storage/v1/object/public/machine-files/lager-qr-codes/SA_17555_cc25fb2f-eb0d-4b49-85a1-3dedee2082d4.png;SA 17555
9e3544e2-1da2-416a-a6e6-2485522594f2;SA 18185;Luftfilter Aussen;https://duvzbcxsfzeqjnvohifm.supabase.co/storage/v1/object/public/machine-files/lager-qr-codes/SA_18185_9e3544e2-1da2-416a-a6e6-2485522594f2.png;SA 18185
aa87c71d-f3ea-4e85-9f37-9fb18b310059;SA 18191;Luftfilter Innen;https://duvzbcxsfzeqjnvohifm.supabase.co/storage/v1/object/public/machine-files/lager-qr-codes/SA_18191_aa87c71d-f3ea-4e85-9f37-9fb18b310059.png;SA 18191
2848e3b5-122f-4599-a833-3c4872e69aec;SC 80022;Kabinenfilter;https://duvzbcxsfzeqjnvohifm.supabase.co/storage/v1/object/public/machine-files/lager-qr-codes/SC_80022_2848e3b5-122f-4599-a833-3c4872e69aec.png;SC 80022
0be1ba7e-4e59-4423-afaa-40746787c3af;SC 80023;Kabinenfilter au�en;https://duvzbcxsfzeqjnvohifm.supabase.co/storage/v1/object/public/machine-files/lager-qr-codes/SC_80023_0be1ba7e-4e59-4423-afaa-40746787c3af.png;SC 80023
22114f16-7d15-4872-8262-a8670d85c2a5;SC 80046;Kabinen-Luftfilter;https://duvzbcxsfzeqjnvohifm.supabase.co/storage/v1/object/public/machine-files/lager-qr-codes/SC_80046_22114f16-7d15-4872-8262-a8670d85c2a5.png;SC 80046
6567c9cf-f976-4f82-ae2b-031f203d6530;SC 80051;Klimafilter Aussen;https://duvzbcxsfzeqjnvohifm.supabase.co/storage/v1/object/public/machine-files/lager-qr-codes/SC_80051_6567c9cf-f976-4f82-ae2b-031f203d6530.png;SC 80051
e64e8580-76a3-4245-a28c-1bf51aada65a;SC 80060;Kabinenfilter-Luft;https://duvzbcxsfzeqjnvohifm.supabase.co/storage/v1/object/public/machine-files/lager-qr-codes/SC_80060_e64e8580-76a3-4245-a28c-1bf51aada65a.png;SC 80060
64fbd3b7-e6bd-4380-b255-b95f3cffe69e;SC 80069;Heizungsgebl�se Filter;https://duvzbcxsfzeqjnvohifm.supabase.co/storage/v1/object/public/machine-files/lager-qr-codes/SC_80069_64fbd3b7-e6bd-4380-b255-b95f3cffe69e.png;SC 80069
4494a7ec-cef9-461b-b0da-ed84ce7f1e3d;SD0748;Hood Batteries;https://duvzbcxsfzeqjnvohifm.supabase.co/storage/v1/object/public/machine-files/lager-qr-codes/SD0748_4494a7ec-cef9-461b-b0da-ed84ce7f1e3d.png;SD0748
d38bc9e4-de8c-456c-aa0d-dcda24c2b43c;SH 52103;Hydraulikfilter R�cklauf;https://duvzbcxsfzeqjnvohifm.supabase.co/storage/v1/object/public/machine-files/lager-qr-codes/SH_52103_d38bc9e4-de8c-456c-aa0d-dcda24c2b43c.png;SH 52103
f0570440-00f0-4a58-a521-64daeeb936dc;SH 52278;Hydraulikfilter;https://duvzbcxsfzeqjnvohifm.supabase.co/storage/v1/object/public/machine-files/lager-qr-codes/SH_52278_f0570440-00f0-4a58-a521-64daeeb936dc.png;SH 52278
4b164595-3b4f-4075-a294-8f09da56bb16;SH 52309;Hydraulikfilter R�cklauf;https://duvzbcxsfzeqjnvohifm.supabase.co/storage/v1/object/public/machine-files/lager-qr-codes/SH_52309_4b164595-3b4f-4075-a294-8f09da56bb16.png;SH 52309
44d2a2d8-52cf-48a3-b0c2-9c9b315ae9fa;SH 56052;Verdichterfilter;https://duvzbcxsfzeqjnvohifm.supabase.co/storage/v1/object/public/machine-files/lager-qr-codes/SH_56052_44d2a2d8-52cf-48a3-b0c2-9c9b315ae9fa.png;SH 56052
8cb9242a-94e2-4a8c-803f-b6351159587e;SH 56255;Hydraulikfilter-Verdichter;https://duvzbcxsfzeqjnvohifm.supabase.co/storage/v1/object/public/machine-files/lager-qr-codes/SH_56255_8cb9242a-94e2-4a8c-803f-b6351159587e.png;SH 56255
9c7940fa-5306-41af-b9e6-11c2e923684f;SH 56405;Verdichterfilter;https://duvzbcxsfzeqjnvohifm.supabase.co/storage/v1/object/public/machine-files/lager-qr-codes/SH_56405_9c7940fa-5306-41af-b9e6-11c2e923684f.png;SH 56405
78b3b118-1a87-40cb-acf0-30cb21c81a20;SH 59024;Getriebe�lfilter;https://duvzbcxsfzeqjnvohifm.supabase.co/storage/v1/object/public/machine-files/lager-qr-codes/SH_59024_78b3b118-1a87-40cb-acf0-30cb21c81a20.png;SH 59024
0e097d46-3f88-4bda-8ff2-bd534b1a6b2f;SH 60026;Hydraulikfilter - R�cklauf;https://duvzbcxsfzeqjnvohifm.supabase.co/storage/v1/object/public/machine-files/lager-qr-codes/SH_60026_0e097d46-3f88-4bda-8ff2-bd534b1a6b2f.png;SH 60026
73da63d8-d30a-4526-b474-e69d60874a15;SH 60132;Hydraulikfilter-Saug;https://duvzbcxsfzeqjnvohifm.supabase.co/storage/v1/object/public/machine-files/lager-qr-codes/SH_60132_73da63d8-d30a-4526-b474-e69d60874a15.png;SH 60132
8cc90bc5-046b-49cd-880c-35ebacfccb4b;SH 60134;Hydraulikfilter-R�cklauf;https://duvzbcxsfzeqjnvohifm.supabase.co/storage/v1/object/public/machine-files/lager-qr-codes/SH_60134_8cc90bc5-046b-49cd-880c-35ebacfccb4b.png;SH 60134
49dad6aa-1a5b-4136-9c35-f3c9d8f28d44;SH 60166;Hydraulikfilter R�cklauf;https://duvzbcxsfzeqjnvohifm.supabase.co/storage/v1/object/public/machine-files/lager-qr-codes/SH_60166_49dad6aa-1a5b-4136-9c35-f3c9d8f28d44.png;SH 60166
a68406fc-542e-46b7-8e8f-c9f42bf598c3;SH 60213;Hydraulik�lfilter;https://duvzbcxsfzeqjnvohifm.supabase.co/storage/v1/object/public/machine-files/lager-qr-codes/SH_60213_a68406fc-542e-46b7-8e8f-c9f42bf598c3.png;SH 60213
e6dd4edc-396f-446c-a8ad-8ec2f1f2ea6e;SH 60245;Hydraulik�lfilter;https://duvzbcxsfzeqjnvohifm.supabase.co/storage/v1/object/public/machine-files/lager-qr-codes/SH_60245_e6dd4edc-396f-446c-a8ad-8ec2f1f2ea6e.png;SH 60245
3c5d3659-7d1e-4703-848d-fc295354ea9a;SH 60271;Hydraulikfilter - Saugfilter;https://duvzbcxsfzeqjnvohifm.supabase.co/storage/v1/object/public/machine-files/lager-qr-codes/SH_60271_3c5d3659-7d1e-4703-848d-fc295354ea9a.png;SH 60271
19820ac6-0c1e-4889-adc6-51862dff7792;SH 60719;Vorsteuerfilter;https://duvzbcxsfzeqjnvohifm.supabase.co/storage/v1/object/public/machine-files/lager-qr-codes/SH_60719_19820ac6-0c1e-4889-adc6-51862dff7792.png;SH 60719
75e0edb6-fc24-486f-8a59-adfbc56a5171;SH 60720;Vorsteuerfilter;https://duvzbcxsfzeqjnvohifm.supabase.co/storage/v1/object/public/machine-files/lager-qr-codes/SH_60720_75e0edb6-fc24-486f-8a59-adfbc56a5171.png;SH 60720
65eec2b3-eb73-48c7-a346-e14cf8d434e4;SH 60913;Hydraulik-R�cklauffilter;https://duvzbcxsfzeqjnvohifm.supabase.co/storage/v1/object/public/machine-files/lager-qr-codes/SH_60913_65eec2b3-eb73-48c7-a346-e14cf8d434e4.png;SH 60913
d9e01185-e8b3-401b-9ca1-844b6dda56f1;SH 62171;Verdichter Hydraulikfilter;https://duvzbcxsfzeqjnvohifm.supabase.co/storage/v1/object/public/machine-files/lager-qr-codes/SH_62171_d9e01185-e8b3-401b-9ca1-844b6dda56f1.png;SH 62171
883e2080-649b-4e88-af26-f5946d7fdc58;SH 63161;Hydraulik�lfilter;https://duvzbcxsfzeqjnvohifm.supabase.co/storage/v1/object/public/machine-files/lager-qr-codes/SH_63161_883e2080-649b-4e88-af26-f5946d7fdc58.png;SH 63161
2a96398b-91a1-4c17-aab0-11a73d107f0e;SH 63355;Hydraulik R�cklauf Filter;https://duvzbcxsfzeqjnvohifm.supabase.co/storage/v1/object/public/machine-files/lager-qr-codes/SH_63355_2a96398b-91a1-4c17-aab0-11a73d107f0e.png;SH 63355
f1f7a6b7-6b08-47ec-a015-ff758f37368e;SH 63626;Hydraulikfilter R�cklauf;https://duvzbcxsfzeqjnvohifm.supabase.co/storage/v1/object/public/machine-files/lager-qr-codes/SH_63626_f1f7a6b7-6b08-47ec-a015-ff758f37368e.png;SH 63626
0c285dc6-aee9-4721-b028-ee9c9d515613;SH 64176;Hydraulikfilter;https://duvzbcxsfzeqjnvohifm.supabase.co/storage/v1/object/public/machine-files/lager-qr-codes/SH_64176_0c285dc6-aee9-4721-b028-ee9c9d515613.png;SH 64176
c0530791-dd4e-4673-af19-d96f27004f61;SH 66375;Hydraulik�lfilter-R�cklauf;https://duvzbcxsfzeqjnvohifm.supabase.co/storage/v1/object/public/machine-files/lager-qr-codes/SH_66375_c0530791-dd4e-4673-af19-d96f27004f61.png;SH 66375
fed78e2b-c297-4645-9623-57556b639a66;SH 66381;Hydraulik�lfilter;https://duvzbcxsfzeqjnvohifm.supabase.co/storage/v1/object/public/machine-files/lager-qr-codes/SH_66381_fed78e2b-c297-4645-9623-57556b639a66.png;SH 66381
dd3a7500-700d-4644-beb4-4226078ed0ec;SH 74015;Hydraulik�lfilter;https://duvzbcxsfzeqjnvohifm.supabase.co/storage/v1/object/public/machine-files/lager-qr-codes/SH_74015_dd3a7500-700d-4644-beb4-4226078ed0ec.png;SH 74015
267a2d47-016f-42f7-bdea-701807dd0c4f;SH 74016;Hydraulikfilter;https://duvzbcxsfzeqjnvohifm.supabase.co/storage/v1/object/public/machine-files/lager-qr-codes/SH_74016_267a2d47-016f-42f7-bdea-701807dd0c4f.png;SH 74016
2fd72166-c0d3-41ee-b21c-1e029a21b547;SH 74153;Hydraulik R�cklauffilter;https://duvzbcxsfzeqjnvohifm.supabase.co/storage/v1/object/public/machine-files/lager-qr-codes/SH_74153_2fd72166-c0d3-41ee-b21c-1e029a21b547.png;SH 74153
0508e97b-d9cc-4e05-b617-405202c2ab37;SH 75160;Hydraulikfilter;https://duvzbcxsfzeqjnvohifm.supabase.co/storage/v1/object/public/machine-files/lager-qr-codes/SH_75160_0508e97b-d9cc-4e05-b617-405202c2ab37.png;SH 75160
4e16be66-caa4-4b6a-8a93-6a561fb3a911;SH 77095;Hydraulik Saugfilter;https://duvzbcxsfzeqjnvohifm.supabase.co/storage/v1/object/public/machine-files/lager-qr-codes/SH_77095_4e16be66-caa4-4b6a-8a93-6a561fb3a911.png;SH 77095
bc14b506-9ee2-4936-8bb8-157af6426e5a;SH 77133;Hydraulikfilter - Vorlauf;https://duvzbcxsfzeqjnvohifm.supabase.co/storage/v1/object/public/machine-files/lager-qr-codes/SH_77133_bc14b506-9ee2-4936-8bb8-157af6426e5a.png;SH 77133
e08235d4-4333-40c2-aab2-d1fe69ecabdf;SK3454;Dieselvorfilter;https://duvzbcxsfzeqjnvohifm.supabase.co/storage/v1/object/public/machine-files/lager-qr-codes/SK3454_e08235d4-4333-40c2-aab2-d1fe69ecabdf.png;SK3454
c8ec39ba-3ba2-4a09-9d11-8ec3ff67b960;SK3612/2;Dieselfilter;https://duvzbcxsfzeqjnvohifm.supabase.co/storage/v1/object/public/machine-files/lager-qr-codes/SK3612_2_c8ec39ba-3ba2-4a09-9d11-8ec3ff67b960.png;SK3612/2
7314798a-663e-4c5d-92d1-24dcfc094a8e;SL 8344;Luftfilter;https://duvzbcxsfzeqjnvohifm.supabase.co/storage/v1/object/public/machine-files/lager-qr-codes/SL_8344_7314798a-663e-4c5d-92d1-24dcfc094a8e.png;SL 8344
69a0734e-9186-4348-8673-ff711b8f6f22;SL 8391;Luftfilter;https://duvzbcxsfzeqjnvohifm.supabase.co/storage/v1/object/public/machine-files/lager-qr-codes/SL_8391_69a0734e-9186-4348-8673-ff711b8f6f22.png;SL 8391
926b266a-4735-4ea3-95b8-5add302cb680;SL5671;Luftfilter aussen;https://duvzbcxsfzeqjnvohifm.supabase.co/storage/v1/object/public/machine-files/lager-qr-codes/SL5671_926b266a-4735-4ea3-95b8-5add302cb680.png;SL5671
153bd7bc-0eee-4961-8105-266afe5c5af5;SL5672;Luftfilter innen;https://duvzbcxsfzeqjnvohifm.supabase.co/storage/v1/object/public/machine-files/lager-qr-codes/SL5672_153bd7bc-0eee-4961-8105-266afe5c5af5.png;SL5672
9bd593f6-c8f6-4ce0-ad98-5de777f7a0c2;SL8510/1;Luftfilter;https://duvzbcxsfzeqjnvohifm.supabase.co/storage/v1/object/public/machine-files/lager-qr-codes/SL8510_1_9bd593f6-c8f6-4ce0-ad98-5de777f7a0c2.png;SL8510/1
e24df1b6-2e88-4e24-ac18-b68526df43fc;SN 001;Kraftstofffilter;https://duvzbcxsfzeqjnvohifm.supabase.co/storage/v1/object/public/machine-files/lager-qr-codes/SN_001_e24df1b6-2e88-4e24-ac18-b68526df43fc.png;SN 001
9ebeadb0-5856-4e30-975f-894fbb920abf;SN 039;Dieselfilter;https://duvzbcxsfzeqjnvohifm.supabase.co/storage/v1/object/public/machine-files/lager-qr-codes/SN_039_9ebeadb0-5856-4e30-975f-894fbb920abf.png;SN 039
6b77b84a-1b8d-4ff1-ba95-214d62d51778;SN 1251;Kraftstofffilter;https://duvzbcxsfzeqjnvohifm.supabase.co/storage/v1/object/public/machine-files/lager-qr-codes/SN_1251_6b77b84a-1b8d-4ff1-ba95-214d62d51778.png;SN 1251
6e9ce02d-7651-4da5-83aa-049f8b5eb58d;SN 20004;Dieselfilter Vorfilter;https://duvzbcxsfzeqjnvohifm.supabase.co/storage/v1/object/public/machine-files/lager-qr-codes/SN_20004_6e9ce02d-7651-4da5-83aa-049f8b5eb58d.png;SN 20004
44cf7ab6-b567-4026-a16e-8875cb073a71;SN 20007;Dieselvorfilter;https://duvzbcxsfzeqjnvohifm.supabase.co/storage/v1/object/public/machine-files/lager-qr-codes/SN_20007_44cf7ab6-b567-4026-a16e-8875cb073a71.png;SN 20007
9fe411f1-d708-42f3-b08a-31b4c42305dc;SN 21581;Dieselvorfilter;https://duvzbcxsfzeqjnvohifm.supabase.co/storage/v1/object/public/machine-files/lager-qr-codes/SN_21581_9fe411f1-d708-42f3-b08a-31b4c42305dc.png;SN 21581
b1ee2426-5cbc-4826-b846-aaa3b6e5f671;SN 21589;Dieselfilter;https://duvzbcxsfzeqjnvohifm.supabase.co/storage/v1/object/public/machine-files/lager-qr-codes/SN_21589_b1ee2426-5cbc-4826-b846-aaa3b6e5f671.png;SN 21589
a8beb863-430e-496f-905a-87acc6af28c4;SN 21601;Dieselvorfilter;https://duvzbcxsfzeqjnvohifm.supabase.co/storage/v1/object/public/machine-files/lager-qr-codes/SN_21601_a8beb863-430e-496f-905a-87acc6af28c4.png;SN 21601
56b482cb-2d61-470a-86b9-9a17b292ee98;SN 24632;Kraftstofffilter;https://duvzbcxsfzeqjnvohifm.supabase.co/storage/v1/object/public/machine-files/lager-qr-codes/SN_24632_56b482cb-2d61-470a-86b9-9a17b292ee98.png;SN 24632
cd47f6b4-4f94-4ca6-961a-f7f171a07129;SN 25008;Dieselfilter mit Wassersensor;https://duvzbcxsfzeqjnvohifm.supabase.co/storage/v1/object/public/machine-files/lager-qr-codes/SN_25008_cd47f6b4-4f94-4ca6-961a-f7f171a07129.png;SN 25008
cbcfaf2a-37be-42ae-8f56-397cb1f9265d;SN 25027;Kraftstofffilterpatrone;https://duvzbcxsfzeqjnvohifm.supabase.co/storage/v1/object/public/machine-files/lager-qr-codes/SN_25027_cbcfaf2a-37be-42ae-8f56-397cb1f9265d.png;SN 25027
cc285270-9cd2-4bfc-94d7-623b177b6781;SN 25031;Dieselfilter;https://duvzbcxsfzeqjnvohifm.supabase.co/storage/v1/object/public/machine-files/lager-qr-codes/SN_25031_cc285270-9cd2-4bfc-94d7-623b177b6781.png;SN 25031
5a8d31b7-6e4f-44c6-a387-27441504fadb;SN 25090;Dieselvorfilter;https://duvzbcxsfzeqjnvohifm.supabase.co/storage/v1/object/public/machine-files/lager-qr-codes/SN_25090_5a8d31b7-6e4f-44c6-a387-27441504fadb.png;SN 25090
3a383841-3b10-4433-b54c-b31e1186e217;SN 25091;Kraftstofffilter;https://duvzbcxsfzeqjnvohifm.supabase.co/storage/v1/object/public/machine-files/lager-qr-codes/SN_25091_3a383841-3b10-4433-b54c-b31e1186e217.png;SN 25091
e3497102-023d-4d12-812a-b14111285b0f;SN 25106;Dieselfilter;https://duvzbcxsfzeqjnvohifm.supabase.co/storage/v1/object/public/machine-files/lager-qr-codes/SN_25106_e3497102-023d-4d12-812a-b14111285b0f.png;SN 25106
892d4b8f-e55f-4da0-ba15-e73d92ee3260;SN 25153;Dieselfilter-Wasserabscheider;https://duvzbcxsfzeqjnvohifm.supabase.co/storage/v1/object/public/machine-files/lager-qr-codes/SN_25153_892d4b8f-e55f-4da0-ba15-e73d92ee3260.png;SN 25153
d7e05cd1-5895-4f88-8320-2caf1c6bccc3;SN 29236;Dieselfilter;https://duvzbcxsfzeqjnvohifm.supabase.co/storage/v1/object/public/machine-files/lager-qr-codes/SN_29236_d7e05cd1-5895-4f88-8320-2caf1c6bccc3.png;SN 29236
2745f320-58e5-4bba-be18-774678fc1f68;SN 30017;Dieselfilter Pumpe-Perkins;https://duvzbcxsfzeqjnvohifm.supabase.co/storage/v1/object/public/machine-files/lager-qr-codes/SN_30017_2745f320-58e5-4bba-be18-774678fc1f68.png;SN 30017
9cf92014-515f-4e32-bc1c-0b7eccd0c06d;SN 30031;Dieselfilter;https://duvzbcxsfzeqjnvohifm.supabase.co/storage/v1/object/public/machine-files/lager-qr-codes/SN_30031_9cf92014-515f-4e32-bc1c-0b7eccd0c06d.png;SN 30031
eb3a1d98-ba21-448a-9f99-d4e5b17b5f46;SN 30040;Dieselfilter Wasserabscheider;https://duvzbcxsfzeqjnvohifm.supabase.co/storage/v1/object/public/machine-files/lager-qr-codes/SN_30040_eb3a1d98-ba21-448a-9f99-d4e5b17b5f46.png;SN 30040
1434e2f3-7f27-48b9-a3f9-8fb379816cf2;SN 327;Dieselfilter Hauptfilter;https://duvzbcxsfzeqjnvohifm.supabase.co/storage/v1/object/public/machine-files/lager-qr-codes/SN_327_1434e2f3-7f27-48b9-a3f9-8fb379816cf2.png;SN 327
53727153-af4a-4281-b1e5-a59df323981c;SN 4001;Diesel Vorfilter;https://duvzbcxsfzeqjnvohifm.supabase.co/storage/v1/object/public/machine-files/lager-qr-codes/SN_4001_53727153-af4a-4281-b1e5-a59df323981c.png;SN 4001
8256e3fe-1f49-463b-af4a-8958bb53d132;SN 40574;Diesel Hauptfilter;https://duvzbcxsfzeqjnvohifm.supabase.co/storage/v1/object/public/machine-files/lager-qr-codes/SN_40574_8256e3fe-1f49-463b-af4a-8958bb53d132.png;SN 40574
f20ee38a-802d-4499-9a7d-3fbb19b0c78c;SN 40602;Diesel Vorfilter;https://duvzbcxsfzeqjnvohifm.supabase.co/storage/v1/object/public/machine-files/lager-qr-codes/SN_40602_f20ee38a-802d-4499-9a7d-3fbb19b0c78c.png;SN 40602
92221d35-90cb-4e4f-843f-0732bed6b5e7;SN 40678;Dieselfilter 2x;https://duvzbcxsfzeqjnvohifm.supabase.co/storage/v1/object/public/machine-files/lager-qr-codes/SN_40678_92221d35-90cb-4e4f-843f-0732bed6b5e7.png;SN 40678
9d39413f-0333-49a8-86b9-c8cdc9245fb1;SN 40705;Dieselfilter;https://duvzbcxsfzeqjnvohifm.supabase.co/storage/v1/object/public/machine-files/lager-qr-codes/SN_40705_9d39413f-0333-49a8-86b9-c8cdc9245fb1.png;SN 40705
6ea6c438-59ee-4754-862a-f5168453be1a;SN 5074;Dieselfilter;https://duvzbcxsfzeqjnvohifm.supabase.co/storage/v1/object/public/machine-files/lager-qr-codes/SN_5074_6ea6c438-59ee-4754-862a-f5168453be1a.png;SN 5074
8b880727-dbc8-4ce0-b840-b77e910bf7de;SN 55009;Diesel Vorfilter;https://duvzbcxsfzeqjnvohifm.supabase.co/storage/v1/object/public/machine-files/lager-qr-codes/SN_55009_8b880727-dbc8-4ce0-b840-b77e910bf7de.png;SN 55009
44fc06f7-4782-4e87-a4b5-52763e10f388;SN 6110;Dieselfilter;https://duvzbcxsfzeqjnvohifm.supabase.co/storage/v1/object/public/machine-files/lager-qr-codes/SN_6110_44fc06f7-4782-4e87-a4b5-52763e10f388.png;SN 6110
5909e18d-a6d4-4181-ba6e-0c4fba2f53d8;SN 70145;Dieselfilter;https://duvzbcxsfzeqjnvohifm.supabase.co/storage/v1/object/public/machine-files/lager-qr-codes/SN_70145_5909e18d-a6d4-4181-ba6e-0c4fba2f53d8.png;SN 70145
65acc86d-e48d-4d4d-b20d-e69254c6e94c;SN 70232;Diesel Leitungsfilter;https://duvzbcxsfzeqjnvohifm.supabase.co/storage/v1/object/public/machine-files/lager-qr-codes/SN_70232_65acc86d-e48d-4d4d-b20d-e69254c6e94c.png;SN 70232
15d2c997-e9c3-4ad5-ac6a-cfdac9b3605a;SN 70241;Dieselfilter;https://duvzbcxsfzeqjnvohifm.supabase.co/storage/v1/object/public/machine-files/lager-qr-codes/SN_70241_15d2c997-e9c3-4ad5-ac6a-cfdac9b3605a.png;SN 70241
ce077a24-323a-4749-bd6a-c5d87c18368c;SN 70242;Dieselfilter-Wasserabscheider;https://duvzbcxsfzeqjnvohifm.supabase.co/storage/v1/object/public/machine-files/lager-qr-codes/SN_70242_ce077a24-323a-4749-bd6a-c5d87c18368c.png;SN 70242
406d2c68-4d75-477e-8744-d4b801d60ce9;SN 70248;Dieselfilter;https://duvzbcxsfzeqjnvohifm.supabase.co/storage/v1/object/public/machine-files/lager-qr-codes/SN_70248_406d2c68-4d75-477e-8744-d4b801d60ce9.png;SN 70248
bb5d5bae-860a-48f5-b009-7e1fc646396d;SN 70257;Dieselfilter Wasserabscheider;https://duvzbcxsfzeqjnvohifm.supabase.co/storage/v1/object/public/machine-files/lager-qr-codes/SN_70257_bb5d5bae-860a-48f5-b009-7e1fc646396d.png;SN 70257
5df720c2-1bd6-4ce4-ba50-83da22941578;SN 70296;Filter Einsatz;https://duvzbcxsfzeqjnvohifm.supabase.co/storage/v1/object/public/machine-files/lager-qr-codes/SN_70296_5df720c2-1bd6-4ce4-ba50-83da22941578.png;SN 70296
255107f6-12e1-4ce2-ba4b-4ed52fa1531f;SN 70299;Dieselfilter;https://duvzbcxsfzeqjnvohifm.supabase.co/storage/v1/object/public/machine-files/lager-qr-codes/SN_70299_255107f6-12e1-4ce2-ba4b-4ed52fa1531f.png;SN 70299
34b6abed-95d7-422b-8201-a20da9624bc5;SN 70320;Dieselfilter;https://duvzbcxsfzeqjnvohifm.supabase.co/storage/v1/object/public/machine-files/lager-qr-codes/SN_70320_34b6abed-95d7-422b-8201-a20da9624bc5.png;SN 70320
3fb91e8f-4c50-4983-be2f-11a3a4384c39;SN 70321;Dieselfilter-Wasserabscheider;https://duvzbcxsfzeqjnvohifm.supabase.co/storage/v1/object/public/machine-files/lager-qr-codes/SN_70321_3fb91e8f-4c50-4983-be2f-11a3a4384c39.png;SN 70321
ff3823f2-2d4f-455c-a0da-d93b1356a78c;SN 70440;Dieselfilter 2x;https://duvzbcxsfzeqjnvohifm.supabase.co/storage/v1/object/public/machine-files/lager-qr-codes/SN_70440_ff3823f2-2d4f-455c-a0da-d93b1356a78c.png;SN 70440
5b3773f3-54c3-4f84-9e9d-952118f27de5;SN 80021;Dieselfilter;https://duvzbcxsfzeqjnvohifm.supabase.co/storage/v1/object/public/machine-files/lager-qr-codes/SN_80021_5b3773f3-54c3-4f84-9e9d-952118f27de5.png;SN 80021
df6b8838-eabc-4404-906a-bcd9ee2bf1a6;SN 904510;Kraftstofffilter;https://duvzbcxsfzeqjnvohifm.supabase.co/storage/v1/object/public/machine-files/lager-qr-codes/SN_904510_df6b8838-eabc-4404-906a-bcd9ee2bf1a6.png;SN 904510
e4d6004b-668c-4935-aae0-767c8db32061;SN 904530;Dieselfilter;https://duvzbcxsfzeqjnvohifm.supabase.co/storage/v1/object/public/machine-files/lager-qr-codes/SN_904530_e4d6004b-668c-4935-aae0-767c8db32061.png;SN 904530
8bbd3307-7f9a-45cd-b3a7-44b11a893bad;SN 916010;Dieselfilter;https://duvzbcxsfzeqjnvohifm.supabase.co/storage/v1/object/public/machine-files/lager-qr-codes/SN_916010_8bbd3307-7f9a-45cd-b3a7-44b11a893bad.png;SN 916010
df1cfac6-a9e6-4961-b208-c0237d448ced;SN25008;Kraftstofffilter;https://duvzbcxsfzeqjnvohifm.supabase.co/storage/v1/object/public/machine-files/lager-qr-codes/SN25008_df1cfac6-a9e6-4961-b208-c0237d448ced.png;SN25008
f0480e49-4625-4b66-a083-3d5bcf058583;SO 040;Motor�lfilter;https://duvzbcxsfzeqjnvohifm.supabase.co/storage/v1/object/public/machine-files/lager-qr-codes/SO_040_f0480e49-4625-4b66-a083-3d5bcf058583.png;SO 040
22518e73-d44f-4d05-a41b-2d2f515b4ddb;SO 10038;Motor�lfilter;https://duvzbcxsfzeqjnvohifm.supabase.co/storage/v1/object/public/machine-files/lager-qr-codes/SO_10038_22518e73-d44f-4d05-a41b-2d2f515b4ddb.png;SO 10038
6866146f-4e0d-4efb-9236-eb06d18d0357;SO 10046;Motor�lfilter;https://duvzbcxsfzeqjnvohifm.supabase.co/storage/v1/object/public/machine-files/lager-qr-codes/SO_10046_6866146f-4e0d-4efb-9236-eb06d18d0357.png;SO 10046
31336a76-f5b9-4535-b180-f627e692c31f;SO 11080;Motor�lfilter;https://duvzbcxsfzeqjnvohifm.supabase.co/storage/v1/object/public/machine-files/lager-qr-codes/SO_11080_31336a76-f5b9-4535-b180-f627e692c31f.png;SO 11080
d57a7fab-64a7-4f38-be92-4cc436aa11b5;SO 1111;motorolfilter;https://duvzbcxsfzeqjnvohifm.supabase.co/storage/v1/object/public/machine-files/lager-qr-codes/SO_1111_d57a7fab-64a7-4f38-be92-4cc436aa11b5.png;SO 1111
5427fb8e-be1e-4012-a4ec-eb7e785566f8;SO 11110;Motor�lfilter;https://duvzbcxsfzeqjnvohifm.supabase.co/storage/v1/object/public/machine-files/lager-qr-codes/SO_11110_5427fb8e-be1e-4012-a4ec-eb7e785566f8.png;SO 11110
e45c3b20-6720-46b7-8285-bbe394ec7136;SO 115;Motor�lfilter;https://duvzbcxsfzeqjnvohifm.supabase.co/storage/v1/object/public/machine-files/lager-qr-codes/SO_115_e45c3b20-6720-46b7-8285-bbe394ec7136.png;SO 115
c2bc3450-1eae-4c5b-a6ac-1ea73a98a6e5;SO 131;Motor�lfilter;https://duvzbcxsfzeqjnvohifm.supabase.co/storage/v1/object/public/machine-files/lager-qr-codes/SO_131_c2bc3450-1eae-4c5b-a6ac-1ea73a98a6e5.png;SO 131
bf49a471-075d-48c6-bd71-824b64d5f8bc;SO 1385;Motro�lfilter;https://duvzbcxsfzeqjnvohifm.supabase.co/storage/v1/object/public/machine-files/lager-qr-codes/SO_1385_bf49a471-075d-48c6-bd71-824b64d5f8bc.png;SO 1385
7d0f70dd-a9b7-4e60-9b9e-0a93fae91cb7;SO 228;Motor�lfilter;https://duvzbcxsfzeqjnvohifm.supabase.co/storage/v1/object/public/machine-files/lager-qr-codes/SO_228_7d0f70dd-a9b7-4e60-9b9e-0a93fae91cb7.png;SO 228
19351246-f861-4780-b95a-4010eedcfd03;SO 3335;Motor�lfilter;https://duvzbcxsfzeqjnvohifm.supabase.co/storage/v1/object/public/machine-files/lager-qr-codes/SO_3335_19351246-f861-4780-b95a-4010eedcfd03.png;SO 3335
0a111788-98bd-48e8-a1f1-8e89afec38cd;SO 404;Motr�lfilter;https://duvzbcxsfzeqjnvohifm.supabase.co/storage/v1/object/public/machine-files/lager-qr-codes/SO_404_0a111788-98bd-48e8-a1f1-8e89afec38cd.png;SO 404
1f38e17b-b940-4313-b1df-e03d12a13b4c;SO 434;Motor�lfilter;https://duvzbcxsfzeqjnvohifm.supabase.co/storage/v1/object/public/machine-files/lager-qr-codes/SO_434_1f38e17b-b940-4313-b1df-e03d12a13b4c.png;SO 434
45f5a69c-d95d-40a1-a60a-6fad4f2f5855;SO 6001;Motor�lfilter;https://duvzbcxsfzeqjnvohifm.supabase.co/storage/v1/object/public/machine-files/lager-qr-codes/SO_6001_45f5a69c-d95d-40a1-a60a-6fad4f2f5855.png;SO 6001
90f6fffc-ae5f-42a2-bb41-b4dae101f64b;SO 6067;Motorolfolter;https://duvzbcxsfzeqjnvohifm.supabase.co/storage/v1/object/public/machine-files/lager-qr-codes/SO_6067_90f6fffc-ae5f-42a2-bb41-b4dae101f64b.png;SO 6067
8b0eef9e-dbcd-43de-b915-e9cd165275ea;SO 6099;Motor�lfilter;https://duvzbcxsfzeqjnvohifm.supabase.co/storage/v1/object/public/machine-files/lager-qr-codes/SO_6099_8b0eef9e-dbcd-43de-b915-e9cd165275ea.png;SO 6099
3a6054bb-2ced-43bc-891b-4d848896aa79;SO 6105;Motor�lfilter;https://duvzbcxsfzeqjnvohifm.supabase.co/storage/v1/object/public/machine-files/lager-qr-codes/SO_6105_3a6054bb-2ced-43bc-891b-4d848896aa79.png;SO 6105
52f9a281-b48b-4b24-b8d4-f88c81731966;SO 6117;Motor�lfilter;https://duvzbcxsfzeqjnvohifm.supabase.co/storage/v1/object/public/machine-files/lager-qr-codes/SO_6117_52f9a281-b48b-4b24-b8d4-f88c81731966.png;SO 6117
be9184ad-f59c-40c4-a125-e95afec1680b;SO 6125;Motorolfilter;https://duvzbcxsfzeqjnvohifm.supabase.co/storage/v1/object/public/machine-files/lager-qr-codes/SO_6125_be9184ad-f59c-40c4-a125-e95afec1680b.png;SO 6125
e1686a06-7df6-4496-8ac3-2eb160b7bc65;SO 7262;Motor�lfilter;https://duvzbcxsfzeqjnvohifm.supabase.co/storage/v1/object/public/machine-files/lager-qr-codes/SO_7262_e1686a06-7df6-4496-8ac3-2eb160b7bc65.png;SO 7262
a0eb376a-af5b-45b1-a094-1bd8ee79911a;SO6121;Motor�lfilter;https://duvzbcxsfzeqjnvohifm.supabase.co/storage/v1/object/public/machine-files/lager-qr-codes/SO6121_a0eb376a-af5b-45b1-a094-1bd8ee79911a.png;SO6121
a553c4bc-4505-4b46-8e7c-180641500f99;SO97029;Motor�lfilter;https://duvzbcxsfzeqjnvohifm.supabase.co/storage/v1/object/public/machine-files/lager-qr-codes/SO97029_a553c4bc-4505-4b46-8e7c-180641500f99.png;SO97029
17bd5858-8912-4ec1-9b30-fe63e6d5daa6;SP4603;Motor�lfilter;https://duvzbcxsfzeqjnvohifm.supabase.co/storage/v1/object/public/machine-files/lager-qr-codes/SP4603_17bd5858-8912-4ec1-9b30-fe63e6d5daa6.png;SP4603
b21952d5-6864-48ea-84cb-72e4ea8a8640;ST2719;Batterie-Einheit;https://duvzbcxsfzeqjnvohifm.supabase.co/storage/v1/object/public/machine-files/lager-qr-codes/ST2719_b21952d5-6864-48ea-84cb-72e4ea8a8640.png;ST2719
672bdd47-d969-4335-8a3f-5c18ea1fd791;T 1637;Motor�lfilter;https://duvzbcxsfzeqjnvohifm.supabase.co/storage/v1/object/public/machine-files/lager-qr-codes/T_1637_672bdd47-d969-4335-8a3f-5c18ea1fd791.png;T 1637
5b84eb27-335b-42d3-babf-d8a889b2f6d8;T 1639;Motor�lfilter;https://duvzbcxsfzeqjnvohifm.supabase.co/storage/v1/object/public/machine-files/lager-qr-codes/T_1639_5b84eb27-335b-42d3-babf-d8a889b2f6d8.png;T 1639
3ea54532-c58a-41c8-b322-edab35d15e43;T 600;Motor�lfilter;https://duvzbcxsfzeqjnvohifm.supabase.co/storage/v1/object/public/machine-files/lager-qr-codes/T_600_3ea54532-c58a-41c8-b322-edab35d15e43.png;T 600
107ace32-8865-4043-b9b2-59134b4644be;T104149;Batterie Abdeckung;https://duvzbcxsfzeqjnvohifm.supabase.co/storage/v1/object/public/machine-files/lager-qr-codes/T104149_107ace32-8865-4043-b9b2-59134b4644be.png;T104149
d6d84af7-2abe-441f-94e7-1cc71ab9bb5f;T105EHPT;Trojan Batterie 6V-225 Ah;https://duvzbcxsfzeqjnvohifm.supabase.co/storage/v1/object/public/machine-files/lager-qr-codes/T105EHPT_d6d84af7-2abe-441f-94e7-1cc71ab9bb5f.png;T105EHPT
c0aa3410-0c9f-40d0-86d7-0af8825065ba;TCO 503;Bel�ftungsfilter-HD Tank;https://duvzbcxsfzeqjnvohifm.supabase.co/storage/v1/object/public/machine-files/lager-qr-codes/TCO_503_c0aa3410-0c9f-40d0-86d7-0af8825065ba.png;TCO 503
ad943e42-6e6c-4961-89c0-764c8c2ab7f3;Techniker Stunde 15 Minuten;;https://duvzbcxsfzeqjnvohifm.supabase.co/storage/v1/object/public/machine-files/lager-qr-codes/Techniker_Stunde_15_Minuten_ad943e42-6e6c-4961-89c0-764c8c2ab7f3.png;Techniker Stunde 15 Minuten
